{"cameraMode":{"drawMode":0,"name":"Shaded","section":"Shading Mode"},"sceneLighting":true,"audioPlay":false,"sceneViewState":{"m_AlwaysRefresh":false,"showFog":true,"showSkybox":true,"showFlares":true,"showImageEffects":true,"showParticleSystems":true,"showVisualEffectGraphs":true,"m_FxEnabled":true},"in2DMode":false,"pivot":{"x":2.573805570602417,"y":2.725499391555786,"z":-0.03453821688890457},"rotation":{"x":-0.05837257206439972,"y":0.9413214325904846,"z":0.22228987514972688,"w":0.24718508124351502},"size":0.3159371614456177,"orthographic":true}