{"cameraMode":{"drawMode":0,"name":"Shaded","section":"Shading Mode"},"sceneLighting":true,"audioPlay":false,"sceneViewState":{"m_AlwaysRefresh":false,"showFog":true,"showSkybox":true,"showFlares":true,"showImageEffects":true,"showParticleSystems":true,"showVisualEffectGraphs":true,"m_FxEnabled":true},"in2DMode":false,"pivot":{"x":0.9449999928474426,"y":0.12999999523162843,"z":-6.934999942779541},"rotation":{"x":0.024132898077368737,"y":0.7140669226646423,"z":-0.024645090103149415,"w":0.6992267370223999},"size":2.0101428031921388,"orthographic":true}