{"cameraMode":{"drawMode":0,"name":"Shaded","section":"Shading Mode"},"sceneLighting":true,"audioPlay":false,"sceneViewState":{"m_AlwaysRefresh":false,"showFog":true,"showSkybox":true,"showFlares":true,"showImageEffects":true,"showParticleSystems":true,"showVisualEffectGraphs":true,"m_FxEnabled":true},"in2DMode":false,"pivot":{"x":0.14505675435066224,"y":1.4535958766937256,"z":-7.0212578773498539},"rotation":{"x":-0.0910482406616211,"y":0.6552053093910217,"z":-0.08000023663043976,"w":-0.7456730008125305},"size":3.1548659801483156,"orthographic":true}