{"cameraMode":{"drawMode":0,"name":"Shaded","section":"Shading Mode"},"sceneLighting":true,"audioPlay":false,"sceneViewState":{"m_AlwaysRefresh":false,"showFog":true,"showSkybox":true,"showFlares":true,"showImageEffects":true,"showParticleSystems":true,"showVisualEffectGraphs":true,"m_FxEnabled":true},"in2DMode":false,"pivot":{"x":-3.009999990463257,"y":0.024000000208616258,"z":-4.980000019073486},"rotation":{"x":0.1220913827419281,"y":0.004466325044631958,"z":-0.0005494155921041966,"w":0.9925090074539185},"size":0.22958149015903474,"orthographic":true}