{"cameraMode":{"drawMode":0,"name":"Shaded","section":"Shading Mode"},"sceneLighting":true,"audioPlay":false,"sceneViewState":{"m_AlwaysRefresh":false,"showFog":true,"showSkybox":true,"showFlares":true,"showImageEffects":true,"showParticleSystems":true,"showVisualEffectGraphs":true,"m_FxEnabled":true},"in2DMode":false,"pivot":{"x":1.297215461730957,"y":0.4274304509162903,"z":-3.8800508975982668},"rotation":{"x":0.10969806462526322,"y":-0.43572908639907839,"z":0.053600162267684939,"w":0.8917593955993652},"size":1.0370111465454102,"orthographic":true}