{"cameraMode":{"drawMode":0,"name":"Shaded","section":"Shading Mode"},"sceneLighting":true,"audioPlay":false,"sceneViewState":{"m_AlwaysRefresh":false,"showFog":true,"showSkybox":true,"showFlares":true,"showImageEffects":true,"showParticleSystems":true,"showVisualEffectGraphs":true,"m_FxEnabled":true},"in2DMode":false,"pivot":{"x":1.6553953886032105,"y":0.1959185153245926,"z":-7.4800496101379398},"rotation":{"x":0.10831118375062943,"y":-0.46619462966918948,"z":0.05763282999396324,"w":0.8761337995529175},"size":0.8660253882408142,"orthographic":true}