{"cameraMode":{"drawMode":0,"name":"Shaded","section":"Shading Mode"},"sceneLighting":true,"audioPlay":false,"sceneViewState":{"m_AlwaysRefresh":false,"showFog":true,"showSkybox":true,"showFlares":true,"showImageEffects":true,"showParticleSystems":true,"showVisualEffectGraphs":true,"m_FxEnabled":true},"in2DMode":false,"pivot":{"x":3.9800000190734865,"y":0.05000000074505806,"z":-9.770000457763672},"rotation":{"x":-0.04861930012702942,"y":-0.94749516248703,"z":0.26314347982406618,"w":-0.17506305873394013},"size":0.4431765377521515,"orthographic":true}